article,cleaned,length
Artificial intelligence is transforming industries by automating workflows and improving decision-making. Companies are investing heavily in AI systems to enhance productivity and customer experience.,artificial intelligence is transforming industries by automating workflows and improving decision-making. companies are investing heavily in ai systems to enhance productivity and customer experience.,200
"Climate change is accelerating, with rising global temperatures and increasing natural disasters. Governments are working toward renewable energy solutions to mitigate environmental damage.","climate change is accelerating, with rising global temperatures and increasing natural disasters. governments are working toward renewable energy solutions to mitigate environmental damage.",189
The global economy is shifting due to geopolitical tensions and technological disruption. Businesses are adapting to new supply chain challenges.,the global economy is shifting due to geopolitical tensions and technological disruption. businesses are adapting to new supply chain challenges.,145
"Healthcare is evolving with AI-driven diagnostics and telemedicine, improving accessibility but raising data privacy concerns.","healthcare is evolving with ai-driven diagnostics and telemedicine, improving accessibility but raising data privacy concerns.",126
"Education systems are integrating digital platforms, enabling remote learning but exposing gaps in accessibility.","education systems are integrating digital platforms, enabling remote learning but exposing gaps in accessibility.",113
Electric vehicles are gaining traction as governments push for greener transportation solutions.,electric vehicles are gaining traction as governments push for greener transportation solutions.,96
"Cybersecurity threats are increasing, requiring organizations to invest in advanced protection systems.","cybersecurity threats are increasing, requiring organizations to invest in advanced protection systems.",103
Space exploration is advancing with private companies launching innovative missions.,space exploration is advancing with private companies launching innovative missions.,84
"Remote work is reshaping corporate culture, offering flexibility while posing collaboration challenges.","remote work is reshaping corporate culture, offering flexibility while posing collaboration challenges.",103
Fintech innovations are disrupting traditional banking systems through digital payments and blockchain.,fintech innovations are disrupting traditional banking systems through digital payments and blockchain.,103
AI is improving healthcare outcomes through predictive analytics and personalized medicine.,ai is improving healthcare outcomes through predictive analytics and personalized medicine.,91
Renewable energy adoption is growing as solar and wind technologies become more affordable.,renewable energy adoption is growing as solar and wind technologies become more affordable.,91
Global trade is evolving due to economic policies and supply chain diversification.,global trade is evolving due to economic policies and supply chain diversification.,83
"Telemedicine is becoming mainstream, especially after the pandemic.","telemedicine is becoming mainstream, especially after the pandemic.",67
Online education platforms are expanding rapidly across the world.,online education platforms are expanding rapidly across the world.,66
Automotive companies are investing in self-driving technologies.,automotive companies are investing in self-driving technologies.,64
Ransomware attacks are increasing across industries.,ransomware attacks are increasing across industries.,52
Satellite technology is improving communication networks globally.,satellite technology is improving communication networks globally.,66
Hybrid work models are becoming the new normal.,hybrid work models are becoming the new normal.,47
Digital currencies are gaining popularity among investors.,digital currencies are gaining popularity among investors.,58
AI chatbots are improving customer support systems.,ai chatbots are improving customer support systems.,51
Climate policies are shaping industrial strategies.,climate policies are shaping industrial strategies.,51
E-commerce growth is accelerating due to changing consumer behavior.,e-commerce growth is accelerating due to changing consumer behavior.,68
Wearable health devices are gaining adoption.,wearable health devices are gaining adoption.,45
Cloud computing is driving digital transformation.,cloud computing is driving digital transformation.,50
Blockchain is being used beyond cryptocurrencies.,blockchain is being used beyond cryptocurrencies.,49
Autonomous drones are being used in logistics.,autonomous drones are being used in logistics.,46
Smart cities are leveraging IoT for efficiency.,smart cities are leveraging iot for efficiency.,47
Biotechnology is advancing medical research.,biotechnology is advancing medical research.,44
5G technology is enhancing connectivity.,5g technology is enhancing connectivity.,40
AI is transforming financial risk assessment.,ai is transforming financial risk assessment.,45
Sustainable agriculture practices are emerging.,sustainable agriculture practices are emerging.,47
Virtual reality is expanding in gaming and training.,virtual reality is expanding in gaming and training.,52
Data privacy regulations are tightening globally.,data privacy regulations are tightening globally.,49
Edge computing is reducing latency in systems.,edge computing is reducing latency in systems.,46
Digital twins are improving manufacturing processes.,digital twins are improving manufacturing processes.,52
Green hydrogen is gaining attention as an energy source.,green hydrogen is gaining attention as an energy source.,56
Robotics is automating industrial operations.,robotics is automating industrial operations.,45
Supply chain analytics is improving forecasting.,supply chain analytics is improving forecasting.,48
AI ethics is becoming a major discussion topic.,ai ethics is becoming a major discussion topic.,47
Smart homes are becoming increasingly common.,smart homes are becoming increasingly common.,45
Quantum computing is progressing in research.,quantum computing is progressing in research.,45
Digital marketing is evolving with AI insights.,digital marketing is evolving with ai insights.,47
Subscription models are replacing ownership models.,subscription models are replacing ownership models.,51
Streaming services are dominating entertainment.,streaming services are dominating entertainment.,48
AI is enhancing fraud detection systems.,ai is enhancing fraud detection systems.,40
Remote healthcare monitoring is improving patient outcomes.,remote healthcare monitoring is improving patient outcomes.,59
Logistics optimization is reducing operational costs.,logistics optimization is reducing operational costs.,53
Clean energy investments are rising globally.,clean energy investments are rising globally.,45
Automation is reshaping workforce requirements.,automation is reshaping workforce requirements.,47
